ID,CLASSIFIED,TYPE,SUMMARY
HTTPCLIENT-1066,NUG,BUG,HTTPClient 4.1 auto slash removal
HTTPCLIENT-1111,NUG,IMPROVEMENT,Setting SSLSocket parameters
HTTPCLIENT-222,NUG,BUG,Via NTLM proxy to SSL Apache BasicAuth. - worked in may 22nd but broken in beta1
HTTPCLIENT-381,NUG,BUG,HttpState PREEMPTIVE PROPERTY removed.
HTTPCLIENT-692,NUG,IMPROVEMENT,ClientConnectionManager should throw InterruptedException
HTTPCLIENT-1001,BUG,BUG,CacheEntryUpdater does not properly update cache entry resource
HTTPCLIENT-1002,BUG,BUG,Stale connections are never detected when wireLog.isDebugEnabled true
HTTPCLIENT-1009,BUG,BUG,http client cache SizeLimitedResponseReader is not setting content type for InputStreamEntity in constructResponse
HTTPCLIENT-1011,BUG,IMPROVEMENT,CachingHttpClient.execute does not catch the IOException thrown by HttpCache.getCacheEntry
HTTPCLIENT-1024,BUG,BUG,cache does not validate multiple cached variants
HTTPCLIENT-103,BUG,BUG,ChunkedInputStream incorrectly handles chunksize without semicolon
HTTPCLIENT-1031,BUG,BUG,Cannot clone BasicClientCookie2 without specified ports
HTTPCLIENT-1038,BUG,BUG,AbstractHttpClient.determineTarget HttpUriRequest
HTTPCLIENT-1039,BUG,BUG,AbstractHttpClient.determineTarget does not recognize target host correctly
HTTPCLIENT-1041,BUG,BUG,Enabling wire logging changes isEof isStale behavior
HTTPCLIENT-1045,BUG,BUG,HttpGet request not being created when parameter url is present
HTTPCLIENT-105,BUG,BUG,ChunkedInputStream broken 2 bugs fixes 1 suggestion
HTTPCLIENT-1051,BUG,BUG,SSL connections cannot be established using resolvable IP address
HTTPCLIENT-1053,BUG,BUG,Security issue - DigestScheme uses constant nonce count value
HTTPCLIENT-1056,BUG,BUG,Wrong creation of AuthScope object
HTTPCLIENT-1058,BUG,BUG,SO TIMEOUT not set early enough for SOCKS proxies in PlainSocketFactory
HTTPCLIENT-1061,BUG,BUG,Proxy-Authorization header received on server side
HTTPCLIENT-1069,BUG,BUG,HttpClient 4.1 ignores request retry handler and stops retrying when a read timeout is followed by a connection refusal
HTTPCLIENT-107,BUG,BUG,HttpMethodBase Port mismatch in URL for redirect to absolute location
HTTPCLIENT-1073,BUG,BUG,cache module generates exceptions for non-compliant responses without consuming response bodies
HTTPCLIENT-1075,BUG,BUG,ContentEncodingHttpClient.execute HttpGet ResponseHandler throws IOException when reading compressed response
HTTPCLIENT-1078,BUG,BUG,DecompressingEntity not calling close on InputStream retrieved by getContent
HTTPCLIENT-1079,BUG,BUG,Kerberos cross-realm support is broken
HTTPCLIENT-1087,BUG,BUG,Proxy authentication error Unexpected state MSG TYPE3 GENERATED when using NTLM authentication
HTTPCLIENT-11,BUG,BUG,null domains break Cookie.java
HTTPCLIENT-1100,BUG,BUG,Missing Content-Length header makes cached entry invalid
HTTPCLIENT-1103,BUG,BUG,GzipDecompressingEntity and therefore ContentEncodingHttpClient not consistent with EntityUtils.consumeEntity
HTTPCLIENT-1107,BUG,BUG,HttpClient does not retry authentication when multiple challenges are present if the primary one fails
HTTPCLIENT-1113,BUG,BUG,Error downloading text file with gzip content encoding
HTTPCLIENT-1116,BUG,BUG,ResponseCachingPolicy uses integers for sizes
HTTPCLIENT-112,BUG,BUG,HttpClient incorrectly handles Transfer-Encoding header
HTTPCLIENT-1120,BUG,BUG,DefaultHttpRequestRetryHandler retryRequest should not retry aborted requests
HTTPCLIENT-1122,BUG,BUG,NPE in RequestProxyAuthentication on Android
HTTPCLIENT-1127,BUG,BUG,Deadlock between SingleClientConnManager.releaseConnection and SingleClientConnManager.shutdown
HTTPCLIENT-1129,BUG,,Redirect and Kerberos authentication in conflict
HTTPCLIENT-113,BUG,BUG,NullPointerException in HttpMethodBase.getResponseBodyAsString
HTTPCLIENT-1130,BUG,BUG,New LaxRedirectStrategy class should probably call the super method first.
HTTPCLIENT-1136,BUG,BUG,BasicClientConnectionManager.releaseConnection accesses poolEntry using non-standard lock
HTTPCLIENT-1139,BUG,BUG,NTLM Authentication No Longer Working In Latest Release
HTTPCLIENT-1140,BUG,BUG,Infinite loop on basic authentication
HTTPCLIENT-1142,BUG,BUG,Infinite loop on NTLM authentication
HTTPCLIENT-1143,BUG,BUG,CachingHttpClient leaks connections with stale-if-error
HTTPCLIENT-1147,BUG,BUG,When HttpClient-Cache cannot open cache file should act like miss
HTTPCLIENT-1152,BUG,BUG,org.apache.http.impl.client.cache.memcached.MemcachedHttpCacheStorage should verify class of returned object before casting
HTTPCLIENT-116,BUG,BUG,Request Response race condition when doing multiple requests on the same connection.
HTTPCLIENT-1166,BUG,BUG,URIUtils.extractHost ... throws a NumberFormatException line 310
HTTPCLIENT-1177,BUG,BUG,HttpClient treats URI fragments in redirect URIs incosistently
HTTPCLIENT-1180,BUG,BUG,NullPointerException when using HttpHead and Request Response interceptors
HTTPCLIENT-119,BUG,BUG, PATCH FilePart fails to send data on second call to send
HTTPCLIENT-12,BUG,BUG,double encoding of URLs
HTTPCLIENT-121,BUG,BUG,Cookie.java blowing up on cookies from country code domains
HTTPCLIENT-122,BUG,BUG,HttpMultiClient reuses closed connections
HTTPCLIENT-124,BUG,BUG,MultipartPost closes input stream
HTTPCLIENT-125,BUG,BUG,empty host header with ip address
HTTPCLIENT-128,BUG,BUG,Redirection of a POST method
HTTPCLIENT-13,BUG,BUG,empty path not handled correctly
HTTPCLIENT-135,BUG,BUG,Possible HttpClient codepage issue ascii ebcdic on WebSphere z OS
HTTPCLIENT-142,BUG,BUG,Test case failure for testConnTimeout
HTTPCLIENT-147,BUG,BUG,HttpClient enter 100 for endless time
HTTPCLIENT-148,BUG,BUG,Redirect to a relative URL fails
HTTPCLIENT-149,BUG,BUG,303 Redirects are not handled properly
HTTPCLIENT-15,BUG,BUG,redirect not handled correctly if location header doesn t have a protocol
HTTPCLIENT-150,BUG,BUG,StringIndexOutOfBound exception in RFC2109 cookie validate when host name contains no domain information and is short in length than the cookie domain.
HTTPCLIENT-151,BUG,BUG,CookieSpec.formatCookie Cookie produces an incorrect cookie header value
HTTPCLIENT-156,BUG,BUG,NullPointerException thrown when invalid header encountered
HTTPCLIENT-158,BUG,BUG,Empty response body is not properly handled when chunked encoding is used
HTTPCLIENT-161,BUG,BUG,MultipartPostMethod Holding File Stream Open
HTTPCLIENT-163,BUG,BUG,HttpClient does not compile out of the box in IBM s VisualAge IDE
HTTPCLIENT-165,BUG,BUG, 100-continue response times out unexpectedly
HTTPCLIENT-167,BUG,BUG,SSL Tunneling does not work with MultiThreadedHttpConnectionManager
HTTPCLIENT-169,BUG,BUG,Cookies with null value are not formatted correctly
HTTPCLIENT-175,BUG,BUG,HttpState cannot differentiate credentials for different hosts with same Realm names
HTTPCLIENT-176,BUG,BUG,Unusual Http status line
HTTPCLIENT-179,BUG,BUG,HTTPS Post Does Not Work
HTTPCLIENT-182,BUG,BUG,httpclient charset encooding loosing problem
HTTPCLIENT-184,BUG,BUG,org.apache.commons.httpclient.HeaderElement fail to parse cookie header
HTTPCLIENT-185,BUG,BUG,Ordering of methods in PostMethod changes behaviour
HTTPCLIENT-188,BUG,BUG,recoverable exceptions when reading are not retried
HTTPCLIENT-19,BUG,BUG,Response Folded Headers throws HttpException
HTTPCLIENT-190,BUG,BUG,SetCookie DateParser failing to parse non-standard date format
HTTPCLIENT-191,BUG,BUG,NTLM Authentication Fails
HTTPCLIENT-192,BUG,BUG,Duplicate request headers when connect through proxies
HTTPCLIENT-195,BUG,BUG,NTLM authentication failed due to closing of connection
HTTPCLIENT-196,BUG,BUG,httpClient failed to reconnect after keep-alive connection timed out
HTTPCLIENT-197,BUG,BUG,Problem with redirect on HEAD when bad naughty server returns body content
HTTPCLIENT-198,BUG,BUG,The PostMethod did not bring back response headers from proxy servers
HTTPCLIENT-202,BUG,BUG,GetMethod.java checks the used flag which cannot be set at this time
HTTPCLIENT-204,BUG,BUG,StackOverflowError in HttpConnection
HTTPCLIENT-205,BUG,BUG,HttpMethodBase String incorrectly encoding URI
HTTPCLIENT-208,BUG,BUG,Netscape proxy problem wtih POST
HTTPCLIENT-210,BUG,BUG,Exception handling in HttpClient requires redesign
HTTPCLIENT-213,BUG,BUG,Authentication fails with proxied SSL Connections
HTTPCLIENT-216,BUG,BUG,Cookies with null path attribute are rejected in the compatibility mode
HTTPCLIENT-22,BUG,BUG,shouldn t automatically set Content-Length in request header
HTTPCLIENT-220,BUG,BUG,HttpClient does not properly handle application x-www-form-urlencoded encoding
HTTPCLIENT-221,BUG,BUG,error handling duplicate connection headers
HTTPCLIENT-223,BUG,BUG,URI path resolution problems.
HTTPCLIENT-226,BUG,BUG,HttpMethod getResponseBody throws NPE
HTTPCLIENT-227,BUG,BUG,Missing Content-Length header causes a SocketException
HTTPCLIENT-228,BUG,BUG,Request with DIGEST authentication fails when redirected
HTTPCLIENT-236,BUG,BUG,URI.normalize error
HTTPCLIENT-239,BUG,BUG,Redirect 302 to the same URL causes max redirects exception
HTTPCLIENT-24,BUG,BUG,Exception shouldn t be thrown for unsupported authentication method
HTTPCLIENT-25,BUG,BUG, httpclient Incorrect credentials loop infinitely
HTTPCLIENT-261,BUG,BUG,infinite loop on 302 redirect with different host in Location header
HTTPCLIENT-264,BUG,BUG,Crashes when it gets a redirect
HTTPCLIENT-265,BUG,BUG,Error releasing chunked connections with no response body.
HTTPCLIENT-268,BUG,BUG,Socket streams are closed in the incorrect order.
HTTPCLIENT-269,BUG,BUG,HttpConnection.isResponseAvailable calls setSoTimeout but does not catch IOException
HTTPCLIENT-270,BUG,BUG,return value of PostMethod removeParameter
HTTPCLIENT-271,BUG,BUG,PostMethod setParameter
HTTPCLIENT-273,BUG,BUG,ConnectionTimeoutException doesn t releaseConnection
HTTPCLIENT-275,BUG,BUG,problem with isIPv4address for relative uri s
HTTPCLIENT-279,BUG,BUG,Connections are not release when a recoverable exception occurs.
HTTPCLIENT-280,BUG,BUG,Freezes w MultiThreadedHttpConnectionManager
HTTPCLIENT-281,BUG,BUG,DefaultHttpParamsFactory violates applet sandbox
HTTPCLIENT-283,BUG,BUG,Invalid cookie causing IllegalArgumentException
HTTPCLIENT-286,BUG,IMPROVEMENT,Manually set Cookie Authorization headers get discarded
HTTPCLIENT-289,BUG,BUG,MultiThreadedHttpConnectionManager daemon Thread never GC d
HTTPCLIENT-290,BUG,BUG,MS Proxy with NTLM authentication set up does not work
HTTPCLIENT-292,BUG,BUG,NTLM Proxy and basic host authorization
HTTPCLIENT-295,BUG,IMPROVEMENT,HttpClient loops endlessly while trying to retrieve status line
HTTPCLIENT-296,BUG,BUG,Basic Authentification fails with non-ASCII username password characters
HTTPCLIENT-297,BUG,BUG,DigestScheme.authenticate returns invalid authorization string when algorithm is null
HTTPCLIENT-3,BUG,BUG,Http Authentication with invalid credentials causes infinite loop
HTTPCLIENT-302,BUG,BUG,exception during writeRequest leaves the connection un-released
HTTPCLIENT-307,BUG,BUG,An IOException or RuntimeException leaves the underlying socket in an undetermined state
HTTPCLIENT-310,BUG,BUG,Memory leak in MultiThreadedHttpClient caused by bad .equals
HTTPCLIENT-311,BUG,BUG,getScheme and getPort return wrong defaults for HttpsURL
HTTPCLIENT-314,BUG,BUG,New socket timeout value wont have effect if connection is reused
HTTPCLIENT-315,BUG,BUG,HttpURL creates wrong authority String when user info is changed
HTTPCLIENT-318,BUG,BUG,Host configuration properties not updated when the method is redirected
HTTPCLIENT-319,BUG,BUG,ArrayIndexOutOfBounds Exception on invalid content-length
HTTPCLIENT-320,BUG,BUG, Socket Closed IOException thrown by HttpConnection
HTTPCLIENT-321,BUG,BUG,wrong charset indication in HttpConstants.getContentString
HTTPCLIENT-325,BUG,BUG,Deadlock with MultiThreadedHttpConnectionManager
HTTPCLIENT-330,BUG,BUG, PATCH Wirelog corrections
HTTPCLIENT-336,BUG,BUG,ArrayIndexOutOfBoundsException in HttpStatus.getStatusText 508
HTTPCLIENT-341,BUG,BUG,HttpUrl does not accept unescaped passwords
HTTPCLIENT-346,BUG,BUG,Cookies with names containing blanks or starting with should be rejected by RFC2109 spec only
HTTPCLIENT-350,BUG,BUG,HttpState matchCredentials is broken
HTTPCLIENT-359,BUG,BUG,StringRequestEntity.getContentLength wrong for multibyte chars
HTTPCLIENT-365,BUG,BUG,StatusLine IndexOutOfBounds
HTTPCLIENT-369,BUG,BUG,Missing skip -Method in ContentLengthInputStream
HTTPCLIENT-375,BUG,BUG,Chunked Stream Encoding Problems Fails to throw Exceptions
HTTPCLIENT-378,BUG,BUG,HttpState.setCookiePolicy is completely ignored
HTTPCLIENT-379,BUG,BUG,JVM bug 4949631 causes BufferOverflowException in HttpMethodBase.getResponseBodyAsString
HTTPCLIENT-38,BUG,BUG,Header Connection Close - Closes the Connection
HTTPCLIENT-386,BUG,BUG,Catch SocketTimeoutException not InterruptedIOException
HTTPCLIENT-387,BUG,BUG,DefaultHttpParamsFactory.getDefaultParams is not thread safe
HTTPCLIENT-390,BUG,BUG,SSL proxy Host auth Keep Alive off causes an infinite loop in HttpMethodDirector
HTTPCLIENT-402,BUG,BUG,DefaultMethodRetryHandler bug
HTTPCLIENT-404,BUG,BUG,SO TIMEOUT parameter on the method level has no effect
HTTPCLIENT-405,BUG,BUG,HostConfiguration.setHost String causes NullPointerException
HTTPCLIENT-411,BUG,BUG,Checking of stale connections is broken
HTTPCLIENT-413,BUG,BUG,Cookie with domain .mydomain.com not sent to host mydomain.com
HTTPCLIENT-414,BUG,BUG,cookies 20 years invalidated
HTTPCLIENT-418,BUG,BUG,ALLOW CIRCULAR REDIRECTS has no effect if references include query string
HTTPCLIENT-425,BUG,BUG,URI.getHost generates IllegalArgumentException
HTTPCLIENT-429,BUG,BUG,Problem getting the HTTPClient to use HTTP 1.0 with a proxy server
HTTPCLIENT-436,BUG,BUG,Retry on ConnectionException does not work
HTTPCLIENT-437,BUG,BUG,method.getURI returns escaped URIs but it shouldn t
HTTPCLIENT-439,BUG,BUG,Authentication fails when connecting to server with username and password in non ascii characters
HTTPCLIENT-440,BUG,BUG,Exception in HttpConnection because of unchecked buffer size
HTTPCLIENT-441,BUG,BUG,Cookie.java hashCode method violates contract
HTTPCLIENT-444,BUG,BUG,Preemptive authentication causes NTLM auth scheme to fail
HTTPCLIENT-445,BUG,BUG,304 response status handling
HTTPCLIENT-447,BUG,BUG,IllegalStateException Authentication state already initialized
HTTPCLIENT-452,BUG,BUG,DateUtil.formatDate uses default timezone instead of GMT
HTTPCLIENT-453,BUG,BUG,Virtual host setting does not apply when parsing and matching cookies
HTTPCLIENT-454,BUG,BUG,Connection with the proxy is not reopened if an proxy auth failure occurs while SSL tunnel is being established
HTTPCLIENT-456,BUG,BUG,HttpClient should always override the host of HostConfiguration if an absolute request URI is given
HTTPCLIENT-461,BUG,BUG,HttpClient does not correctly handle escaped characters in HTTP header elements
HTTPCLIENT-463,BUG,BUG,Occasional Host connection pool not found
HTTPCLIENT-464,BUG,BUG,An HTTP 204 NO CONTENT response results in dropped connection
HTTPCLIENT-467,BUG,BUG,CookieSpecBase.domainMatch leaks cookies to 3rd party domains
HTTPCLIENT-469,BUG,BUG,Stale connection check does not work with IBM JSSE JRE
HTTPCLIENT-471,BUG,BUG,DateUtil formatDate uses default locale instead of US
HTTPCLIENT-472,BUG,IMPROVEMENT,No equals operation for Credentials implementations
HTTPCLIENT-478,BUG,BUG,HttpConnectionParams.setConnectionTimeout int has no effect if host unreachable
HTTPCLIENT-487,BUG,BUG,ParameterParser parse method for authentication headers does not appear to deal with empty value strings
HTTPCLIENT-489,BUG,BUG,Request is retried if preemptive authentication fails
HTTPCLIENT-490,BUG,BUG,Can not set the Proxy-connection header
HTTPCLIENT-491,BUG,BUG,nonce-count in digest auth should not be quoted
HTTPCLIENT-495,BUG,BUG,DefaultHttpMethodRetryHandler does not check whether the failed method has been aborted
HTTPCLIENT-5,BUG,BUG,Cookie.parse exception when parsing expiry date in single quotes
HTTPCLIENT-501,BUG,BUG,Minor RFC 2109 2965 violation
HTTPCLIENT-502,BUG,BUG,HttpConnection isOpen flag concurrency problem
HTTPCLIENT-504,BUG,BUG,max connections per host setting does not work
HTTPCLIENT-506,BUG,BUG,Digest auth uses wrong uri in proxy authentication
HTTPCLIENT-511,BUG,BUG,Preemptive Authorization parameter initialization incorrect causes preemptive auth not to work
HTTPCLIENT-512,BUG,BUG,UsernamePasswordCredentials.equals null throws NPE
HTTPCLIENT-514,BUG,BUG,Preemptive auth flags disregarded during ssl tunnel creation
HTTPCLIENT-520,BUG,BUG,MultipartEntity incorrectly computes unknown length
HTTPCLIENT-522,BUG,BUG,ProxyCredentials disclosed to remote host
HTTPCLIENT-530,BUG,BUG,Findbugs reports and fixes
HTTPCLIENT-539,BUG,BUG,UserInfo disapears after creating URI
HTTPCLIENT-542,BUG,BUG,Explicit VirtualHosts Can Cause Issues On Redirects
HTTPCLIENT-544,BUG,BUG,Digest auth uses incorrect URI
HTTPCLIENT-546,BUG,BUG,MultiThreadedHttpConnectionManager setMaxTotalConnections method doesn t work
HTTPCLIENT-557,BUG,BUG,Nullpointer when creating URI from scheme specific part with null fragment
HTTPCLIENT-561,BUG,BUG,entity returns the same stream for getContent
HTTPCLIENT-567,BUG,BUG,EasyX509TrustManager no longer checks cert expiry
HTTPCLIENT-569,BUG,BUG,HttpState.clearCookies should be synchronized
HTTPCLIENT-570,BUG,BUG,Failed CONNECT leaves connection in an inconsistent state
HTTPCLIENT-578,BUG,BUG,literal plus character in path components of HttpURL is not preserved.
HTTPCLIENT-587,BUG,BUG,derelativizing of relative URIs with a scheme is incorrect
HTTPCLIENT-588,BUG,BUG,relative URIs with internal double-slashes misparsed
HTTPCLIENT-594,BUG,BUG,HttpMethodBase aborted variable mistakenly declared transient instead of volatile
HTTPCLIENT-598,BUG,BUG,ContentLengthInputStream does not implement available properly
HTTPCLIENT-606,BUG,BUG,HttpMethodDirector fails when redirecting to a encoded URL location
HTTPCLIENT-612,BUG,BUG,FileRequestEntity in SVN does not close input file
HTTPCLIENT-616,BUG,BUG,HttpMethodDirector.executeWithRetry method fails to close the underlying connection if a RuntimeException is thrown
HTTPCLIENT-622,BUG,BUG,leak in MultiThreadedHttpConnectionManager.ConnectionPool.mapHosts
HTTPCLIENT-628,BUG,BUG,AutoCloseInputStream.available throws IOException when auto-closed
HTTPCLIENT-632,BUG,BUG,Possible NPE in HttpHost
HTTPCLIENT-633,BUG,BUG,MultiThreadedHttpConnectionManager does not properly respond to thread interrupts
HTTPCLIENT-634,BUG,IMPROVEMENT,HostConfiguration socketFactory is ignored
HTTPCLIENT-635,BUG,IMPROVEMENT,Port fix for HTTPCLIENT-633 to 4.0
HTTPCLIENT-641,BUG,BUG,Resource Leakage when loading keystore in AuthSSLProtocolSocketFactory
HTTPCLIENT-644,BUG,BUG,Bad request vulnerability
HTTPCLIENT-655,BUG,BUG,User-Agent string violates RFC
HTTPCLIENT-675,BUG,BUG,thread starving in MultiThreadedHttpConnectionManager
HTTPCLIENT-676,BUG,BUG,memory leak in MultiThreadedHttpConnectionManager
HTTPCLIENT-679,BUG,BUG,URI Absolutization does not follow browser behavior
HTTPCLIENT-687,BUG,BUG,DefaultRedirectHandler does not access correct HttpParams
HTTPCLIENT-688,BUG,BUG,HttpOptions.getAllowedMethods expects single Allow header
HTTPCLIENT-693,BUG,BUG,DEFAULT HEADERS not added to subsequent requests
HTTPCLIENT-698,BUG,BUG,DefaultRedirectHandler not resolving relative location URI wrt the request URI
HTTPCLIENT-704,BUG,BUG,Exception not caugh in DefaultResponseParser
HTTPCLIENT-705,BUG,BUG,Handle URIs with path component null
HTTPCLIENT-711,BUG,BUG,bad route computed for redirected requests
HTTPCLIENT-717,BUG,BUG,NPE in SimpleHttpConnectionManager.shutdown
HTTPCLIENT-718,BUG,BUG,SSL verification occurs before setSoTimeout which can lead to hangs
HTTPCLIENT-730,BUG,BUG,Use of Multi-Args URI Causes URI-Rewriting to improperly unescape characters
HTTPCLIENT-737,BUG,BUG,EchoHandler 104 possible NPE
HTTPCLIENT-741,BUG,BUG,AbstractClientConnAdapter prone to concurrency issues
HTTPCLIENT-747,BUG,BUG,No entry created for this pool.
HTTPCLIENT-754,BUG,BUG,BasicClientCookie.toString contains name instead of value when writing out cookie value
HTTPCLIENT-755,BUG,BUG,Use of java.net.URI.resolve is buggy
HTTPCLIENT-757,BUG,BUG,Default proxy set at the client level has no effect
HTTPCLIENT-759,BUG,BUG,DefaultClientRequestDirector doesn t release connections back to ClientConnectionManager on exceptions
HTTPCLIENT-760,BUG,BUG,Abort Before Execute Various Other Times Fails
HTTPCLIENT-763,BUG,BUG,AbstractClientConnAdapter abortConnection does not release the connection if called from the main execution thread while there is no blocking I O operation
HTTPCLIENT-765,BUG,BUG,String.toLowerCase toUpperCase should specify Locale.ENGLISH
HTTPCLIENT-767,BUG,BUG,Static variables need to be final or access should be synchronised
HTTPCLIENT-769,BUG,BUG,java.lang.IllegalStateException Connection already open.
HTTPCLIENT-771,BUG,BUG,ConcurrentModificationException thrown in MultiThreaded code
HTTPCLIENT-773,BUG,BUG,Parsing expires
HTTPCLIENT-776,BUG,BUG,NPE w AbstractPoolEntry.open
HTTPCLIENT-777,BUG,BUG,SingleClientConnectionManager Needs to Recreate UniquePoolEntry
HTTPCLIENT-784,BUG,BUG,Multipart post is broken
HTTPCLIENT-79,BUG,BUG,Preemtive Auth fails whithout credentials
HTTPCLIENT-790,BUG,BUG,Protocol interceptors not called when executing CONNECT methods
HTTPCLIENT-795,BUG,BUG,If there is more than 15 seconds between HttpClient.execute calls using a MultipartEntity a ProtocolException is thrown complaining about the Content-Length header already being present.
HTTPCLIENT-8,BUG,BUG,LogSource.setLevel incorrectly uses entrySet
HTTPCLIENT-803,BUG,BUG,SSL connections cannot be established using the IP address
HTTPCLIENT-806,BUG,BUG,ConnectException not handled in DefaultHttpMethodRetryHandler
HTTPCLIENT-813,BUG,BUG,HttpClient throws NPE on Invalid Port when used with MultiThreadedHttpConnectionManager
HTTPCLIENT-833,BUG,BUG,SSLSocketFactory.connectSocket possible NPE - or use of wrong variable
HTTPCLIENT-837,BUG,BUG,Wire produces invalid log skipping zero bytes in certain cases
HTTPCLIENT-848,BUG,BUG,HttpClient - Connections not released when SSL Tunneling fails.
HTTPCLIENT-85,BUG,BUG,Host request header does not contain port
HTTPCLIENT-852,BUG,BUG,CircularRedirectException encountered when using a proxy but not when reaching the target directly
HTTPCLIENT-853,BUG,BUG,Wrong cookie matching port number reported when using a proxy
HTTPCLIENT-856,BUG,BUG,Proxy NTLM Authentication Redirecting to different address fails saying Proxy Auth Required.
HTTPCLIENT-859,BUG,BUG,BasicCookieStore treats cookies of the same name from the same host as duplicates even if they have different paths
HTTPCLIENT-860,BUG,BUG,DefaultRequestDirector converts redirects of PUT POST to GET for status codes 301 302 307
HTTPCLIENT-875,BUG,BUG,DefaultClientConnectionOperator doesn t update socket after call to connectSocket ...
HTTPCLIENT-880,BUG,BUG,Check for correct content-type in URLEncodedUtils not working for encoding-suffixes
HTTPCLIENT-881,BUG,BUG,AbstractClientConnAdapter doesn t ensure that only one of ConnectionReleaseTrigger.abortConnection .releaseConnection has effect
HTTPCLIENT-882,BUG,BUG,Auth state is not correctly maintained if a successful NTLM authentication results in a redirect
HTTPCLIENT-883,BUG,BUG,SO TIMEOUT is not set on a request level
HTTPCLIENT-884,BUG,BUG,Charset omitted from UrlEncodedFormEntity Content-Type header
HTTPCLIENT-885,BUG,BUG,URLEncodedUtils fails to parse form-url-encoded entities that specify a charset
HTTPCLIENT-9,BUG,BUG,Null paths break the compare method
HTTPCLIENT-902,BUG,BUG,In case of ConnectTimeoutException HttpRequestRetryHandler is not used.
HTTPCLIENT-92,BUG,BUG,Cookies with in the value string is not parsed correctly in some cases
HTTPCLIENT-929,BUG,BUG,Request with two forward slashes for path fails
HTTPCLIENT-930,BUG,BUG,Unencoded redirect URI causes exception when following redirects
HTTPCLIENT-931,BUG,BUG,Change value of Expect header in org.apache.http.client.methods.HttpPost
HTTPCLIENT-932,BUG,BUG,SSLSocketFactory.connectSocket ... possible NPE
HTTPCLIENT-936,BUG,BUG,NullPointerException in NegotiateScheme
HTTPCLIENT-939,BUG,BUG,302 response without location header throws exception
HTTPCLIENT-940,BUG,BUG,impl.conn.Wire uses String.getBytes which depends on the default charset
HTTPCLIENT-944,BUG,BUG,In case of SocketTimeoutException and using HttpRequestRetryHandler the execution is always 1
HTTPCLIENT-948,BUG,BUG,IdleConnectionHandler can leave closed connections in a inconsistent state
HTTPCLIENT-951,BUG,BUG,Incorrect handling of InputStreams when connecting to a server that requires authentication
HTTPCLIENT-952,BUG,BUG,SSLSocketFactory.createSSLContext does not process trust store
HTTPCLIENT-953,BUG,BUG,ConnPoolByRoute driving RouteSpecificPool to IllegalState
HTTPCLIENT-960,BUG,BUG,HttpMultipart doesn t generate Content-Type part header in mode BROWSER COMPATIBLE
HTTPCLIENT-964,BUG,BUG,no-cache directives with field names are transmitted downstream
HTTPCLIENT-965,BUG,BUG,cache does not honor must-revalidate or proxy-revalidate Cache-Control directives
HTTPCLIENT-969,BUG,BUG,BasicCookieStore.getCookies returns non-threadsafe collection
HTTPCLIENT-97,BUG,BUG,Error reading data
HTTPCLIENT-974,BUG,BUG,RequestWrapper does not use the headers of the request it wraps.
HTTPCLIENT-98,BUG,BUG,PUT method blocks against older servers
HTTPCLIENT-981,BUG,BUG,CachingHttpClient returns a 411 respones when executing a POST HttpPost request
HTTPCLIENT-985,BUG,BUG,cache module should populate Via header to capture upstream and downstream protocols
HTTPCLIENT-986,BUG,BUG,cache module does not completely handle upstream Warning headers correctly
HTTPCLIENT-989,BUG,BUG,DefaultHttpRequestRetryHandler must not retry non-idempotent http methods violates RFC 2616
HTTPCLIENT-99,BUG,BUG,Requests are retried 3 times unconditionaly
HTTPCLIENT-991,BUG,BUG,cache module produces improperly formatted Warning header when revalidation fails
HTTPCLIENT-995,BUG,BUG,cache returns cached responses even if validators not consistent with all conditional headers
HTTPCLIENT-996,BUG,BUG,SSL does not seem to work at all
HTTPCLIENT-1020,NUG,,Please add maven-notice-plugin to gump-trunk
HTTPCLIENT-1072,NUG,IMPROVEMENT,Inline nested jars in OSGi bundles
HTTPCLIENT-114,NUG,BUG,httpclient build requires jdk 1.4 or jce in classpath
HTTPCLIENT-1172,NUG,,LocalTestServer and supporting classes should be available as a separate jar
HTTPCLIENT-146,NUG,BUG,Error from maven when generating the task list
HTTPCLIENT-215,NUG,BUG,Build problem with StrictSSLProtocolSocketFactory
HTTPCLIENT-259,NUG,BUG, Maven Migrate checkstyle.properties to XML
HTTPCLIENT-583,NUG,IMPROVEMENT,Build.xml - add log level definitions
HTTPCLIENT-595,NUG,IMPROVEMENT,Fix junit scope in maven pom
HTTPCLIENT-605,NUG,IMPROVEMENT,junit dependency in pom.xml with default compile scope
HTTPCLIENT-639,NUG,,Add OSGi bundle metadata to manifest
HTTPCLIENT-67,NUG,BUG,Build environment configuration Mavenize the build process
HTTPCLIENT-686,NUG,BUG,Maven 2 POM includes junit in default compile scope rather than test scope
HTTPCLIENT-768,NUG,,Publish source javadoc jar files to the Maven repository
HTTPCLIENT-826,NUG,IMPROVEMENT,Set source and output encoding in POMs
HTTPCLIENT-1005,NUG,IMPROVEMENT,API surface of caching module can be reduced
HTTPCLIENT-145,NUG,BUG,Align the code base with checkstyle
HTTPCLIENT-304,NUG,BUG,Cleanup use of EncodingUtil and HttpConstants
HTTPCLIENT-383,NUG,BUG,HostConfiguration handling requires cleanup
HTTPCLIENT-618,NUG,IMPROVEMENT,Eliminate class HostConfiguration
HTTPCLIENT-713,NUG,,remove RoutedRequest from ClientRequestDirector interface
HTTPCLIENT-715,NUG,,remove RoutedRequest from API
HTTPCLIENT-725,NUG,IMPROVEMENT,TSCCM code cleanup
HTTPCLIENT-770,NUG,IMPROVEMENT,Code cleanups for Java 1.5 and more.
HTTPCLIENT-779,NUG,IMPROVEMENT,toplevel exception cleanup
HTTPCLIENT-904,NUG,IMPROVEMENT,HttpMime StringBody constructor throws specification unnecessarily declares UnsupportedEncodingException
HTTPCLIENT-251,NUG,IMPROVEMENT,Content-Length Transfer-Encoding request headers should be handled by entity enclosing methods
HTTPCLIENT-509,NUG,BUG,need members of MultipartRequestEntity to be protected instead of private to make it extendable for multipart related
HTTPCLIENT-574,NUG,BUG,Subclasses do not have write access to StatusLine
HTTPCLIENT-630,NUG,BUG,URI.java readObject writeObject must be private
HTTPCLIENT-758,NUG,BUG,Wrong method signatures in AbstractHttpClient
HTTPCLIENT-797,NUG,BUG,o.a.h.conn.scheme.PlainSocketFactory is not a true Singleton
HTTPCLIENT-1013,NUG,BUG,website 404 for several documentation pages
HTTPCLIENT-1027,NUG,IMPROVEMENT,Some typos in the English Manual
HTTPCLIENT-1028,NUG,IMPROVEMENT,HttpClient Manual Simplified Chinese
HTTPCLIENT-1029,NUG,IMPROVEMENT,Update 3.x legacy homepage with end of life notification and pointer to HTTPComponents
HTTPCLIENT-1034,NUG,IMPROVEMENT,Add link to Benchmarking the HttpClient Caching Module article from Comcast Interactive Media
HTTPCLIENT-1057,NUG,IMPROVEMENT,wrong class name in statemgmt.xml
HTTPCLIENT-1065,NUG,TASK,Documentation on SingleClientConnManager SchemeRegistry schreg constructor is wrong
HTTPCLIENT-1134,NUG,IMPROVEMENT,BasicResponseHandler Javadoc Needs Clarification
HTTPCLIENT-1168,NUG,BUG,HTTPClient doesn t send authentication header in threaded environment
HTTPCLIENT-118,NUG,BUG,Build with JDK 1.4 get many javadoc warnings
HTTPCLIENT-143,NUG,BUG,Better integration of the TestWebApp-HowTo into the documentation
HTTPCLIENT-144,NUG,BUG,Add a document describing the HttpClient release process
HTTPCLIENT-152,NUG,BUG,Ensure the features.html and index.html adequately give httpclient enough credit
HTTPCLIENT-168,NUG,BUG,Include generated website in the distribution
HTTPCLIENT-233,NUG,IMPROVEMENT,HttpMethodBase Javadoc patches
HTTPCLIENT-253,NUG,IMPROVEMENT,Javadocs clean-up
HTTPCLIENT-262,NUG,BUG,Minor typo in org.apache.commons.httpclient.Wire 2.0-rc1
HTTPCLIENT-284,NUG,BUG,Updates to connectionStaleCheckingEnabled docs.
HTTPCLIENT-291,NUG,BUG,Cookie docs are outdated.
HTTPCLIENT-298,NUG,IMPROVEMENT,javadoc often has without
HTTPCLIENT-300,NUG,BUG,BasicAuthenticatonExample.java in CVS
HTTPCLIENT-312,NUG,BUG,Update license terms
HTTPCLIENT-313,NUG,BUG,Improper EOL for text files on Windows
HTTPCLIENT-324,NUG,IMPROVEMENT, API Doc Document exceptions thrown on execute methods
HTTPCLIENT-329,NUG,IMPROVEMENT, API Doc Compile performance optimization guide
HTTPCLIENT-331,NUG,BUG, PATCH HttpClient getHost HttpClient getPort methods are misleading
HTTPCLIENT-342,NUG,BUG, API Doc Improve the description of the preemptive authentication
HTTPCLIENT-343,NUG,BUG, API Doc Compile new preference architecture and HTTP parameterization guide
HTTPCLIENT-356,NUG,IMPROVEMENT, API DOC Authentication guide update alternate authentication
HTTPCLIENT-366,NUG,BUG,PostMethod Java doc refers to wrong section of RFC1945
HTTPCLIENT-377,NUG,BUG, API Doc HttpClient tutorial update
HTTPCLIENT-388,NUG,BUG,http.connection-manager.timeout is a LONG not an INTEGER
HTTPCLIENT-407,NUG,IMPROVEMENT,Errors in character entities in Javadoc for HttpVersion
HTTPCLIENT-410,NUG,BUG,Typos in MultiThreadedHttpConnectionManager
HTTPCLIENT-412,NUG,IMPROVEMENT,Document SINGLE COOKIE HEADER param in the cookie guide
HTTPCLIENT-438,NUG,IMPROVEMENT,commons codec not documented as a dependency
HTTPCLIENT-449,NUG,BUG,RequestEntity EntityEnclosingMethod have inconsistent Javadocs use deprecated variables
HTTPCLIENT-500,NUG,BUG,Dependency URL broken for commons-logging
HTTPCLIENT-516,NUG,IMPROVEMENT,Javadoc does not mention Expires clarify validate
HTTPCLIENT-517,NUG,IMPROVEMENT,Cookie Documentation clarifications
HTTPCLIENT-521,NUG,BUG,SimpleHttpConnectionManager is used incorrectly by tutorial code
HTTPCLIENT-533,NUG,BUG,CookiePolicy.registerCookieSpec CookiePolicy.DEFAULT does not work as documented
HTTPCLIENT-536,NUG,BUG,misleading lack of javadoc in StringRequestEntity
HTTPCLIENT-538,NUG,IMPROVEMENT,New PostSOAP example for src examples
HTTPCLIENT-540,NUG,BUG,Typo in API CHANGES 3 0.txt
HTTPCLIENT-553,NUG,BUG,JavaDoc getConnection methods in Connection Managers
HTTPCLIENT-563,NUG,BUG,Incorrect copyright statements
HTTPCLIENT-62,NUG,IMPROVEMENT,Developer documentation
HTTPCLIENT-651,NUG,IMPROVEMENT,Inconsistent order dependant behaviour in HttpMethodBase.getResponse
HTTPCLIENT-69,NUG,IMPROVEMENT,User Developer Documentation
HTTPCLIENT-695,NUG,BUG,broken link to the release notes
HTTPCLIENT-696,NUG,BUG,java.util.logging configuration examples does not work as intended
HTTPCLIENT-70,NUG,IMPROVEMENT,Provide more Example Code
HTTPCLIENT-701,NUG,BUG,Cookie guide lists RFC 2965 as unsupported
HTTPCLIENT-764,NUG,IMPROVEMENT,HttpClient javadocs need improving
HTTPCLIENT-772,NUG,BUG,typo in RFC reference in web site
HTTPCLIENT-780,NUG,BUG,ProxyHost HttpHost Checks for null when javadoc document null ok
HTTPCLIENT-791,NUG,BUG,Default retry count three even if documentation says it s five
HTTPCLIENT-815,NUG,IMPROVEMENT,Quick Start guide for HttpClient 4.0
HTTPCLIENT-818,NUG,BUG,No documentation on how to use CookieSpec
HTTPCLIENT-819,NUG,BUG,HttpParams doesn t document its key values
HTTPCLIENT-820,NUG,BUG,AbstractHttpClient.addRequestInterceptor should document in what order the interceptors run
HTTPCLIENT-842,NUG,IMPROVEMENT,Link javadocs of HttpClient HttpCore and HttpMime
HTTPCLIENT-867,NUG,BUG,Logging documentation refers to nonexisting level ERROR in java.util.logging section
HTTPCLIENT-868,NUG,IMPROVEMENT,Add anchors to documentation sections
HTTPCLIENT-892,NUG,BUG,Links in Section Example Code are broken
HTTPCLIENT-933,NUG,BUG,All implementations of SchemeSocketFactory.createSocket HttpParams params ignore the params
HTTPCLIENT-942,NUG,BUG,ClientConnectionRelease example is incorrect
HTTPCLIENT-943,NUG,IMPROVEMENT,CacheClient Javadoc and Constants usage cleanup
HTTPCLIENT-10,NUG,BUG,tests-local fails on 3 tests
HTTPCLIENT-1003,NUG,IMPROVEMENT,Handle conditional requests in cache
HTTPCLIENT-1008,NUG,IMPROVEMENT,Send all variants ETags on variant miss
HTTPCLIENT-1032,NUG,BUG,cache revalidation of variants does not update original variant entry
HTTPCLIENT-1033,NUG,BUG,HttpRoute.equals Object o is quite inefficient as it does not take full advantage of shortcut logic
HTTPCLIENT-1036,NUG,BUG,StringBody has incorrect default for characterset
HTTPCLIENT-1037,NUG,BUG,FormBodyPart code does not agree with ContentDescriptor Javadoc wrt nullability of mimeType and transferEncoding
HTTPCLIENT-104,NUG,BUG,Incorrect debug message in HttpMethodBase
HTTPCLIENT-1054,NUG,IMPROVEMENT,HTTPClient per default relentlessly spams to stderr
HTTPCLIENT-108,NUG,BUG,Cookie.java bookean typo
HTTPCLIENT-1086,NUG,IMPROVEMENT,Use Iterable instead of List in URLEncodedUtils.format and UrlEncodedFormEntity
HTTPCLIENT-1092,NUG,IMPROVEMENT,ClientPNames.VIRTUAL HOST is used as is if not provided the port should be derived from the target URL
HTTPCLIENT-1098,NUG,IMPROVEMENT,Populating exception message with InetSocketAddress.getHostName can take a long time
HTTPCLIENT-1137,NUG,IMPROVEMENT,The values for the Via header are created by httpclient-cache for each cached and backend request
HTTPCLIENT-1144,NUG,IMPROVEMENT,Caching client has a class for common headers that was not being used consistently in the code
HTTPCLIENT-1153,NUG,BUG,org.apache.http.impl.client.cache.memcached.MemcachedHttpCacheStorage uses URL as cache key - shouldn t.
HTTPCLIENT-1155,NUG,BUG,CachingHttpClient should have similar behavior as AbstractHttpClient when executing with ResponseHandler
HTTPCLIENT-1157,NUG,BUG,MemcachedHttpCacheStorage should throw IOExceptions instead of Runtime Exceptions
HTTPCLIENT-1158,NUG,,Change the error message in the exception at URIUtils rewriteURI
HTTPCLIENT-1179,NUG,,Upgrade commons-codec 1.4 - 1.6
HTTPCLIENT-123,NUG,IMPROVEMENT,MultipartPostMethod does not check for error messages
HTTPCLIENT-126,NUG,BUG,Default charset
HTTPCLIENT-129,NUG,BUG,multipart feedback
HTTPCLIENT-130,NUG,BUG,HttpMethodBase does not compile on JDK prior to 1.3
HTTPCLIENT-136,NUG,BUG,Inadequate HTTP proxy server support in HttpClient.
HTTPCLIENT-139,NUG,BUG,isHttp11 should have HttpClient scope
HTTPCLIENT-141,NUG,BUG,Using deprecated class javax.servlet.http.HttpUtils
HTTPCLIENT-157,NUG,BUG,migrate to commons-codec Base64
HTTPCLIENT-166,NUG,BUG,waitForResponse is using busy wait
HTTPCLIENT-177,NUG,BUG,reusing connections is unreliable
HTTPCLIENT-178,NUG,IMPROVEMENT,MultiThreadedHttpConnectionManager never reclaims unused connectons
HTTPCLIENT-193,NUG,BUG,Buffered output to socket
HTTPCLIENT-206,NUG,IMPROVEMENT,URI class constructors need revision optimization
HTTPCLIENT-214,NUG,IMPROVEMENT,HttpClient drops connection to the proxy when an invalid connection close directive is encountered in connection established response
HTTPCLIENT-232,NUG,IMPROVEMENT,Make MultiThreadedHttpConnectionManager defaults public statics.
HTTPCLIENT-235,NUG,BUG,HttpMethodBase logger uses wrong class.
HTTPCLIENT-237,NUG,BUG,wire logger skips empty line
HTTPCLIENT-238,NUG,BUG,HeaderElement parse String implementation is not optimal
HTTPCLIENT-241,NUG,IMPROVEMENT,Support for handling large files should be added
HTTPCLIENT-242,NUG,BUG,Add InputStream buffering.
HTTPCLIENT-244,NUG,BUG,URI uses sun.security.action.GetPropertyAction
HTTPCLIENT-249,NUG,IMPROVEMENT,please log allocation of new connections to support debugging testing
HTTPCLIENT-255,NUG,BUG,In J2SDK 1.5.0 Tiger enum is a keyword
HTTPCLIENT-274,NUG,IMPROVEMENT,default behaviour of useExpectHeader
HTTPCLIENT-287,NUG,IMPROVEMENT,Setting CONNECTION TIMEOUT and SO TIMEOUT on a per-method basis
HTTPCLIENT-301,NUG,BUG,Cookie rejected
HTTPCLIENT-303,NUG,IMPROVEMENT,auto close idle connections
HTTPCLIENT-308,NUG,BUG,Log level for message should be debug instead of error.
HTTPCLIENT-32,NUG,BUG,querystring still not set in Url Method constructors
HTTPCLIENT-332,NUG,IMPROVEMENT,Connection timeout logic redesign
HTTPCLIENT-34,NUG,IMPROVEMENT,optimization in sending request
HTTPCLIENT-344,NUG,BUG,HttpConnection.isOpen logging is not accurate
HTTPCLIENT-347,NUG,BUG,MultiThreadedConnectionManager Accounting Problems
HTTPCLIENT-349,NUG,IMPROVEMENT,Credentials ignored if realm specified in preemptive authentication
HTTPCLIENT-351,NUG,IMPROVEMENT,Split the wire log into header and content parts.
HTTPCLIENT-358,NUG,BUG,Auto method retrial broken
HTTPCLIENT-360,NUG,BUG,questionable default value for BufferedOutputStream size in HttpConnection
HTTPCLIENT-384,NUG,BUG,3.0 not compile-time compatible with 2.0 library usage
HTTPCLIENT-39,NUG,IMPROVEMENT,Authorization credentials should be sent pre-emptively
HTTPCLIENT-4,NUG,BUG,Chunked transfer encoding not isolated from application.
HTTPCLIENT-406,NUG,IMPROVEMENT,Releasing a connection is unconfirmed
HTTPCLIENT-426,NUG,BUG,httpclient doesn t read and parse response from certain types of proxy servers when POST method is used
HTTPCLIENT-43,NUG,IMPROVEMENT,replace the PostMethod parameters HashMap with a List
HTTPCLIENT-459,NUG,IMPROVEMENT,Document the problem with MS impl of digest authentication with older JREs and stale connection check
HTTPCLIENT-462,NUG,BUG,ProtocolException thrown on slightly broken headers
HTTPCLIENT-466,NUG,BUG,URI.parseUriReference treats strings with leading as absolute URIs with zero-length scheme
HTTPCLIENT-485,NUG,BUG,Connection is not released back to the pool if a runtime exception is thrown in HttpMethod releaseConnection method
HTTPCLIENT-494,NUG,BUG,Invalid redirects are not corrected
HTTPCLIENT-497,NUG,BUG,Logger Category names don t follow common pattern
HTTPCLIENT-526,NUG,BUG,warn on invalid set-cookie header
HTTPCLIENT-53,NUG,IMPROVEMENT,Handle Returning Null consistantly
HTTPCLIENT-54,NUG,IMPROVEMENT,Handle Null Arguments consistantly
HTTPCLIENT-559,NUG,BUG,SSL contrib files do not use standard javax.net.ssl package provided from JDK 1.4.2
HTTPCLIENT-56,NUG,IMPROVEMENT,Move to commons-logging
HTTPCLIENT-560,NUG,BUG,entities and connection handling incomplete
HTTPCLIENT-573,NUG,BUG,Disallow the use of SecureProtocolSocketFactory with ProxyClient
HTTPCLIENT-589,NUG,IMPROVEMENT,Do not consume the remaining response content if the connection is to be closed
HTTPCLIENT-593,NUG,BUG,ProtocolSocketFactory equals and hashCode don t support subclassing
HTTPCLIENT-597,NUG,IMPROVEMENT,MultithreadedConnectionManager and IdleConnectionTimeoutThread improvements
HTTPCLIENT-609,NUG,IMPROVEMENT,Use TRACE logging instead of DEBUG for the absolute nitty-gritties
HTTPCLIENT-613,NUG,BUG,https should check CN of x509 cert
HTTPCLIENT-615,NUG,IMPROVEMENT,Consider making HostConfiguration immutable
HTTPCLIENT-617,NUG,BUG,Hostname verification turn off wildcards when CN is an IP address
HTTPCLIENT-627,NUG,IMPROVEMENT,overhaul connection manager and associated connection interface
HTTPCLIENT-631,NUG,BUG,String constants should be final
HTTPCLIENT-636,NUG,IMPROVEMENT,Revise internal data structures of ThreadSafeClientConnManager
HTTPCLIENT-640,NUG,IMPROVEMENT,contrib.ssl.HostConfigurationWithHostFactory
HTTPCLIENT-645,NUG,BUG,Cookie.compare ... uses single instance STRING COLLATOR to do blocking compares
HTTPCLIENT-650,NUG,BUG,Wire log is incomplete if HttpParser detects an error
HTTPCLIENT-653,NUG,IMPROVEMENT,connection wrapper prevents GC of TSCCM
HTTPCLIENT-654,NUG,BUG,Cookie class cannot handle IPv6 literals
HTTPCLIENT-659,NUG,IMPROVEMENT,DateUtils should cache SimpleDateFormat
HTTPCLIENT-674,NUG,IMPROVEMENT,use VersionInfo of core
HTTPCLIENT-677,NUG,IMPROVEMENT,Connection pool uses Thread.interrupt
HTTPCLIENT-697,NUG,BUG,Http Client give sme message when proxy http endpoint is down
HTTPCLIENT-699,NUG,IMPROVEMENT,Performance tuning
HTTPCLIENT-726,NUG,IMPROVEMENT,review TSCCM for spurious wakeups
HTTPCLIENT-734,NUG,IMPROVEMENT,request.abort should interrupt thread waiting for a connection
HTTPCLIENT-740,NUG,IMPROVEMENT,AbstractConnPool constructor calls thread.Start
HTTPCLIENT-743,NUG,BUG,Duplicate log of HTTP header
HTTPCLIENT-746,NUG,IMPROVEMENT,substitute for URLUtils.java
HTTPCLIENT-748,NUG,IMPROVEMENT,make SchemeRegistry friendlier for DI frameworks
HTTPCLIENT-822,NUG,BUG,HttpClient throws java.net.SocketException instead of org.apache.http.conn.ConnectionTimeoutException when connection timeout occurs
HTTPCLIENT-832,NUG,IMPROVEMENT,MalformedCookieException distinguish cookie syntax errors from cross-domain errors
HTTPCLIENT-835,NUG,IMPROVEMENT,Thread safety and visibility Improvements
HTTPCLIENT-841,NUG,BUG,potential memory leak when using ThreadSafeClientConnManager
HTTPCLIENT-889,NUG,,Should USE EXPECT CONTINUE be false by default
HTTPCLIENT-895,NUG,IMPROVEMENT,Log creation impairs performance
HTTPCLIENT-898,NUG,IMPROVEMENT,Improve multihome support
HTTPCLIENT-903,NUG,IMPROVEMENT,Use ConcurrentHashMap instead of HashMap wherever thread-safe access is needed
HTTPCLIENT-906,NUG,IMPROVEMENT,Minor performance improvement to IdleConnectionHandler
HTTPCLIENT-909,NUG,IMPROVEMENT,Upgrade all default socket factories to use SO REUSEADDR parameter
HTTPCLIENT-911,NUG,IMPROVEMENT,Support underscore in domain name or provide better exception
HTTPCLIENT-914,NUG,IMPROVEMENT,Use Apache Codec 1.4
HTTPCLIENT-917,NUG,BUG,When authentication is invalidated during redirection proxy authentication also should be invalidated
HTTPCLIENT-923,NUG,BUG,NetscapeDraftSpec is too strict about cookie expires date format
HTTPCLIENT-941,NUG,IMPROVEMENT,Standardize on a common mocking framework either EasyMock or Mockito
HTTPCLIENT-962,NUG,BUG,client cache may be a shared cache but is caching responses to requests with Authorization headers
HTTPCLIENT-979,NUG,IMPROVEMENT,cache entry resource management should be extracted from CachingHttpClient
HTTPCLIENT-980,NUG,BUG,CachingHttpClient returns a 503 response when the backend HttpClient produces an IOException
HTTPCLIENT-987,NUG,BUG,cache module does not recognize equivalent URIs
HTTPCLIENT-988,NUG,IMPROVEMENT,cache module should strip Content-Encoding identity from responses
HTTPCLIENT-990,NUG,IMPROVEMENT,Allow heuristic freshness caching
HTTPCLIENT-992,NUG,IMPROVEMENT,cache should not generate stale responses to requests explicitly requesting first-hand or fresh ones
HTTPCLIENT-997,NUG,IMPROVEMENT,cache module should handle out-of-order validations properly and unconditionally refresh
HTTPCLIENT-998,NUG,IMPROVEMENT,cache should use both Last-Modified and ETag for validations when available
HTTPCLIENT-1017,NUG,BUG,Checksum Wrong for HttpComponent project pom v4.1 on central
HTTPCLIENT-316,NUG,BUG,release is not signed
HTTPCLIENT-680,NUG,BUG,web site for download of 3.1 fails
HTTPCLIENT-752,NUG,IMPROVEMENT,version.properties
HTTPCLIENT-775,NUG,BUG,download section of website down
HTTPCLIENT-865,NUG,BUG,HttpClient OSGi Export-Package doesn t specify version
HTTPCLIENT-866,NUG,BUG,HttpClient depends on jcip-annotations.jar
HTTPCLIENT-869,NUG,BUG,Incorrect incomplete product name in META-INF NOTICE file
HTTPCLIENT-870,NUG,BUG,Incorrect Specification-Title headers in MANIFEST.MF
HTTPCLIENT-306,NUG,IMPROVEMENT,Redesign of HTTP authentication framework
HTTPCLIENT-337,NUG,IMPROVEMENT,Move Content-Type to the RequestEntity
HTTPCLIENT-376,NUG,BUG,DateParser refactoring Stateful cookie specs
HTTPCLIENT-382,NUG,BUG,Move multipart request to a new RequestEntity type
HTTPCLIENT-42,NUG,IMPROVEMENT,Open up org.apache.commons.httpclient.Base64 please
HTTPCLIENT-484,NUG,IMPROVEMENT,Fold AuthSSLProtocolSocketFactory into HttpClient proper
HTTPCLIENT-591,NUG,,Apply the supplied patch. Sets 2 variable in the base class to protected
HTTPCLIENT-602,NUG,IMPROVEMENT,refactor HttpClientConnection and HttpProxyConnection
HTTPCLIENT-665,NUG,IMPROVEMENT,Change access to internal maps of HttpState to protected.
HTTPCLIENT-714,NUG,,move route computation from client to director
HTTPCLIENT-729,NUG,IMPROVEMENT,move HttpRoute and related classes to separate package
HTTPCLIENT-736,NUG,IMPROVEMENT,dependencies for route planner implementations
HTTPCLIENT-738,NUG,BUG,HostnameVerifier shouldn t shadow simple name of implemented interface
HTTPCLIENT-742,NUG,IMPROVEMENT,common interface for HttpRoute and RouteTracker
HTTPCLIENT-753,NUG,IMPROVEMENT,move class Scheme and friends to a separate package
HTTPCLIENT-100,NUG,IMPROVEMENT,Add possibility to disable automatic authentication header processing.
HTTPCLIENT-1000,NUG,IMPROVEMENT,Configure Maximum Connection Lifetimes
HTTPCLIENT-1007,NUG,IMPROVEMENT,When A URL is redirected there is no easy way to encode the new url before HC tries to execute it
HTTPCLIENT-1014,NUG,RFE,ByteArrayBody as an alternative to InputStreamBody
HTTPCLIENT-1015,NUG,IMPROVEMENT,Support only-if-cached directive
HTTPCLIENT-1016,NUG,IMPROVEMENT,Adding a custom location header extractor method for RedirectStrategy.
HTTPCLIENT-102,NUG,BUG,Unable to get the status line from a http method object
HTTPCLIENT-1030,NUG,RFE,Implement ignoreCookies CookieSpec
HTTPCLIENT-1035,NUG,IMPROVEMENT,cache should invalidate obsoleted entries mentioned in Content-Location
HTTPCLIENT-106,NUG,BUG,Path should not be encoded in HttpMethodBase
HTTPCLIENT-1063,NUG,IMPROVEMENT,ResponseContentEncoding should also handle x-gzip compress and x-compress
HTTPCLIENT-1076,NUG,RFE, GSoC 2011 Fluent API to HttpClient
HTTPCLIENT-1104,NUG,IMPROVEMENT,Add way to check for release of connections back into pool
HTTPCLIENT-1105,NUG,,Built-in way to do auto-retry for certain status codes
HTTPCLIENT-111,NUG,IMPROVEMENT,Add multi-part post support
HTTPCLIENT-1123,NUG,RFE,Implement a way to override or resolve DNS entries defined in the OS
HTTPCLIENT-1128,NUG,IMPROVEMENT,Provide factory method to create DefaultHttpClient instances pre-configured based on JSSE and networking system properties
HTTPCLIENT-1131,NUG,IMPROVEMENT,Support http URL inline authentication
HTTPCLIENT-1132,NUG,RFE,porting of ProxyClient from 3.1 to 4.x API
HTTPCLIENT-1154,NUG,IMPROVEMENT,org.apache.http.impl.client.cache.memcached.MemcachedHttpCacheStorage should allow client to specify custom prefix string for keys
HTTPCLIENT-1156,NUG,IMPROVEMENT,Kerberos Authentication Scheme
HTTPCLIENT-1159,NUG,IMPROVEMENT,HttpClientUtils - Helper methods to release resources of HttpClient HttpResponse after use
HTTPCLIENT-1160,NUG,IMPROVEMENT,LayeredSchemeSocketFactory.createLayeredSocket should have access to HttpParams
HTTPCLIENT-1162,NUG,IMPROVEMENT,Header adding in org.apache.http.client.protocol.RequestAcceptEncoding should be conditional
HTTPCLIENT-1164,NUG,BUG,Compressed entities are not being cached properly
HTTPCLIENT-117,NUG,BUG,Move to the new URIUtil class
HTTPCLIENT-1182,NUG,RFE,Add a constructor to org.apache.http.conn.ssl.SSLSocketFactory to allow for directly wrapping a javax.net.ssl.SSLSocketFactory socketfactory
HTTPCLIENT-131,NUG,IMPROVEMENT, HttpClient Authenticator - ability to perform alternate authentication
HTTPCLIENT-132,NUG,IMPROVEMENT,New Preferences Architecture
HTTPCLIENT-154,NUG,IMPROVEMENT,Allow redirects between hosts and ports
HTTPCLIENT-162,NUG,BUG,Realm from authentication challenge unavailable
HTTPCLIENT-17,NUG,IMPROVEMENT,need a way to set time out when using HttpClient and HttpMultiClient
HTTPCLIENT-173,NUG,BUG,Multiple DIGEST authentication attempts with same credentials
HTTPCLIENT-174,NUG,IMPROVEMENT,Need setURI methods in HttpMethod interface
HTTPCLIENT-18,NUG,BUG,Can t use proxy server with https
HTTPCLIENT-187,NUG,IMPROVEMENT,Provide general HTTP date parsing
HTTPCLIENT-189,NUG,BUG,Set-Cookie2 and Set-Cookie
HTTPCLIENT-194,NUG,BUG,httpClient does not support installation of different SSLSocketFactory
HTTPCLIENT-209,NUG,IMPROVEMENT,Add set getLocalAddress methods to HostConfiguration
HTTPCLIENT-217,NUG,IMPROVEMENT,httpMethod.abort needed
HTTPCLIENT-230,NUG,BUG,Contributed utility for determing content type from file type extension
HTTPCLIENT-234,NUG,IMPROVEMENT,Customizable Cookie Policy
HTTPCLIENT-243,NUG,BUG,Transfer-Encoding identity not supported possible patch
HTTPCLIENT-245,NUG,RFE,customize handling of 302 redirects
HTTPCLIENT-252,NUG,IMPROVEMENT,Cookie Strict Mode independent of regular Strict Mode
HTTPCLIENT-257,NUG,BUG,NTLM class registers Sun JCE implementation by default
HTTPCLIENT-26,NUG,IMPROVEMENT,need a way to set request body in PostMethod
HTTPCLIENT-260,NUG,IMPROVEMENT,Authentication does not respond to stale nonce
HTTPCLIENT-266,NUG,IMPROVEMENT, patch Support for digest auth MD5-sess
HTTPCLIENT-278,NUG,IMPROVEMENT,Add the ability to disable the content-type and transfer encoding headers for Parts
HTTPCLIENT-285,NUG,IMPROVEMENT,Ability to ignore reject cookies altogether
HTTPCLIENT-29,NUG,BUG,shouldn t throw exception on bad cookies
HTTPCLIENT-293,NUG,IMPROVEMENT,Provide support for non-ASCII charsets in the multipart disposition-content header
HTTPCLIENT-30,NUG,BUG,should allow receiving secure cookies from non-secure chanel
HTTPCLIENT-309,NUG,IMPROVEMENT, RFE Allow streaming of POST methods via chunked transfer encoding.
HTTPCLIENT-31,NUG,IMPROVEMENT,user need a way to control cookie policy
HTTPCLIENT-317,NUG,IMPROVEMENT,HTTP Client doesn t support multipart related content-type
HTTPCLIENT-323,NUG,IMPROVEMENT,GetMethod.getResponseBodyAsStream .available could return content-length
HTTPCLIENT-326,NUG,IMPROVEMENT,MultiThreadedConnectionManager should provide a shutdown
HTTPCLIENT-328,NUG,IMPROVEMENT,Proxy tunneling auth with CONNECT for non-HTTP protocols
HTTPCLIENT-334,NUG,IMPROVEMENT,Per socket SOCKS proxies
HTTPCLIENT-335,NUG,BUG,Handling sub-domain cookies.
HTTPCLIENT-345,NUG,IMPROVEMENT, CONTRIB SSL authenticating protocol socket factory
HTTPCLIENT-35,NUG,IMPROVEMENT, HttpClient Better proxy support in HttpMultiClient
HTTPCLIENT-352,NUG,IMPROVEMENT,Allow polymorphic use of addParameter
HTTPCLIENT-353,NUG,IMPROVEMENT,Setting different MAX HOST CONNECTION values per host using a single MultiThreadedHttpConnectionManager
HTTPCLIENT-368,NUG,BUG, PATCH character encoding handling is invalid at multipart
HTTPCLIENT-373,NUG,IMPROVEMENT,Allow configuration of SO LINGER
HTTPCLIENT-385,NUG,IMPROVEMENT,Access to SO TIMEOUT for open connections
HTTPCLIENT-389,NUG,IMPROVEMENT,Provide Date Header Util Methods
HTTPCLIENT-399,NUG,BUG,Connection not closed after Connection close request
HTTPCLIENT-401,NUG,BUG,HttpState should have methods for clearing all cookies and credentials
HTTPCLIENT-41,NUG,IMPROVEMENT,New method to add an array of parameters to PostMethod
HTTPCLIENT-420,NUG,IMPROVEMENT,Provide a non-pooling connection manager
HTTPCLIENT-424,NUG,BUG,setAuthPreemptive restricted to BASIC AuthScheme
HTTPCLIENT-427,NUG,IMPROVEMENT,Implement a cache to perform real request only when needed
HTTPCLIENT-44,NUG,IMPROVEMENT,Non-standards configuration and tracking
HTTPCLIENT-45,NUG,IMPROVEMENT,HTTP Version configuration and tracking
HTTPCLIENT-455,NUG,IMPROVEMENT,Feature Request include contributed code for Plugin Proxy Detection
HTTPCLIENT-46,NUG,IMPROVEMENT,Plug-in authentication modules
HTTPCLIENT-460,NUG,IMPROVEMENT,Windows specific implementation of the Digest auth scheme
HTTPCLIENT-47,NUG,IMPROVEMENT,User definable default headers support
HTTPCLIENT-475,NUG,IMPROVEMENT,Provide support for unconnected sockets
HTTPCLIENT-477,NUG,BUG,There is no way to specify a different auth scheme priority for host and proxy
HTTPCLIENT-48,NUG,IMPROVEMENT,User interaction for authentication
HTTPCLIENT-50,NUG,IMPROVEMENT,User configurable cookie policy
HTTPCLIENT-51,NUG,BUG,Redefine HttpClient vs HttpMultiClient interface for 2.0
HTTPCLIENT-510,NUG,IMPROVEMENT,User-defined ProtocolSocketFactory for secure connection through proxy
HTTPCLIENT-523,NUG,IMPROVEMENT,SPNEGO authentication scheme
HTTPCLIENT-524,NUG,BUG,Provide feedback mechanism to CredentialsProvider
HTTPCLIENT-541,NUG,IMPROVEMENT,Redesign virtual host API
HTTPCLIENT-547,NUG,IMPROVEMENT,Provide access to port of Host header
HTTPCLIENT-552,NUG,IMPROVEMENT,Add shutdown method to SimpleHttpConnectionManager
HTTPCLIENT-554,NUG,IMPROVEMENT,AbstractHttpProcessor hard-wired against a single context
HTTPCLIENT-57,NUG,BUG,Define and implement Logging policy
HTTPCLIENT-582,NUG,IMPROVEMENT,Allow access to registered cookie policies
HTTPCLIENT-60,NUG,IMPROVEMENT,Handle virtual hosts relative urls multi-homing
HTTPCLIENT-601,NUG,RFE,SecureProtocolFactoryWrapper class for using the socket factory created by Java Web Start
HTTPCLIENT-61,NUG,IMPROVEMENT,configurable User-Agent string
HTTPCLIENT-610,NUG,,HttpMethodBase.getResponseBodyAsString long limit
HTTPCLIENT-614,NUG,IMPROVEMENT,allow different strategies when checking CN of x509 cert
HTTPCLIENT-625,NUG,IMPROVEMENT,shutdown of MultiThreadedHttpConnectionManager
HTTPCLIENT-63,NUG,IMPROVEMENT,Response handlers
HTTPCLIENT-643,NUG,IMPROVEMENT,Provide fail-over for multi-home remote servers if one server in a farm goes down
HTTPCLIENT-649,NUG,RFE,Support multiple proxies
HTTPCLIENT-652,NUG,IMPROVEMENT,Add optional state attribute to managed client connections
HTTPCLIENT-656,NUG,RFE,IP address of the server of a HttpConnection
HTTPCLIENT-66,NUG,IMPROVEMENT,RFC 2965 Support Port sensitive cookies
HTTPCLIENT-666,NUG,IMPROVEMENT,Replace HttpState with CredentialsProvier and CookieStore interfaces
HTTPCLIENT-667,NUG,IMPROVEMENT,Provide BestMatch cookie policy
HTTPCLIENT-669,NUG,IMPROVEMENT,introduce HttpRoutePlanner interface
HTTPCLIENT-670,NUG,RFE,add an interface for plugable dns clients
HTTPCLIENT-673,NUG,IMPROVEMENT,revise max-per-host configuration
HTTPCLIENT-689,NUG,IMPROVEMENT,stackable parameters
HTTPCLIENT-690,NUG,IMPROVEMENT,Provide access to SSLSession in ManagedClientConnection
HTTPCLIENT-71,NUG,BUG,Add support for Digest authentication to the Authenticator class
HTTPCLIENT-712,NUG,IMPROVEMENT,improve HttpRoute API
HTTPCLIENT-716,NUG,IMPROVEMENT,application-defined routes
HTTPCLIENT-719,NUG,IMPROVEMENT,Clone support
HTTPCLIENT-72,NUG,IMPROVEMENT,Support for NTLM authentication
HTTPCLIENT-723,NUG,RFE,HttpRoutePlanner based on ProxySelector
HTTPCLIENT-73,NUG,BUG,No way to get the requestBody out of a PostMethod or use if extending class
HTTPCLIENT-733,NUG,RFE,Implementation of Delete method
HTTPCLIENT-735,NUG,IMPROVEMENT,allow unsetting of DEFAULT PROXY and FORCED ROUTE parameters in the client stack
HTTPCLIENT-739,NUG,IMPROVEMENT,CookieIdentityComparator and CookiePathComparator could should implement Serializable
HTTPCLIENT-74,NUG,IMPROVEMENT,J2EE FORM authentication also affects pluggable authentication
HTTPCLIENT-749,NUG,IMPROVEMENT,HttpClient ParamBeans for easier configuration
HTTPCLIENT-77,NUG,BUG,Implement Connection Timeouts
HTTPCLIENT-781,NUG,BUG,Respect Keep-Alive Header
HTTPCLIENT-788,NUG,RFE,Public Suffix List
HTTPCLIENT-789,NUG,IMPROVEMENT,Support for passing an SSLContext to the SSLSocketFactory of HttpClient
HTTPCLIENT-80,NUG,BUG,PostMethod - Chunked requests are not supported at the moment.
HTTPCLIENT-805,NUG,IMPROVEMENT,Pass ClientConnectionManager to DefaultHttpClient constructor
HTTPCLIENT-807,NUG,RFE,ContentBody doesn t currently have a setMimeType method.
HTTPCLIENT-81,NUG,IMPROVEMENT,need getResponseContentLength in HttpMethod
HTTPCLIENT-82,NUG,IMPROVEMENT,HttpURLConnection wrapper
HTTPCLIENT-823,NUG,IMPROVEMENT,Make it possible to adjust MaxTotalConnections parameter dynamicaly
HTTPCLIENT-83,NUG,IMPROVEMENT,handle multivalue headers correctly
HTTPCLIENT-834,NUG,RFE,Transparent Content Coding support
HTTPCLIENT-86,NUG,IMPROVEMENT,need to add a default constructor for Cookie
HTTPCLIENT-861,NUG,BUG,URI reference resolution fails examples in RFC 3986
HTTPCLIENT-862,NUG,IMPROVEMENT,Extend the client s redirect handling interface to allow control of the content of the redirect
HTTPCLIENT-871,NUG,IMPROVEMENT,Add FileBody constructor with explicit filename
HTTPCLIENT-872,NUG,IMPROVEMENT,Add preemptive authentication
HTTPCLIENT-874,NUG,BUG,Override method MultipartEntity.addPart so that applications may use FormBodyPart
HTTPCLIENT-901,NUG,IMPROVEMENT,Add a ContextAwareAuthScheme that has access to the HttpContext in the authenticate method
HTTPCLIENT-915,NUG,RFE,Provide a clean mechanism to attatch user define attributes to connections
HTTPCLIENT-916,NUG,IMPROVEMENT,RFE Make Credentials Serializable
HTTPCLIENT-919,NUG,IMPROVEMENT,NTLM implementation lacks support for NTLMv1 NTLMv2 and NTLM2 Session forms of NTLM
HTTPCLIENT-926,NUG,RFE,Add Amazon S3 authentication support
HTTPCLIENT-937,NUG,IMPROVEMENT,Make CacheEntry use an immutable object to represent cache content
HTTPCLIENT-95,NUG,BUG,Proxy authentication does not handle multiple multiple authentication schemes
HTTPCLIENT-967,NUG,IMPROVEMENT,allow cache to be configured as a non-shared private cache
HTTPCLIENT-972,NUG,IMPROVEMENT,caching module should use HttpParams-style configuration
HTTPCLIENT-975,NUG,RFE,add support to caching module for RFC 5861 stale-on-error and stale-while-revalidate
HTTPCLIENT-977,NUG,RFE,provide a memcached implementation for HttpCache
HTTPCLIENT-978,NUG,RFE,provide an ehcache implementation for HttpCache
HTTPCLIENT-982,NUG,RFE,Could we get a way to know if the response has been served from the cache or not
HTTPCLIENT-994,NUG,IMPROVEMENT,cache does not allow client to override origin-specified freshness using max-stale
HTTPCLIENT-1044,NUG,IMPROVEMENT,DefaultHttpRequestRetryHandler is not handling PUT as an idempotent method for retries though RFC2616 section 9.1.2 clearly defines it to be one.
HTTPCLIENT-1097,NUG,BUG,BrowserCompatHostnameVerifier and StrictHostnameVerifier should handle wildcards in SSL certificates better
HTTPCLIENT-1135,NUG,BUG,RandomAccessFile mode w is not valid
HTTPCLIENT-958,NUG,BUG,client cache currently allows incomplete responses to be passed on to the client
HTTPCLIENT-961,NUG,BUG,not all applicable URIs are invalidated on PUT POST DELETEs that pass through client cache
HTTPCLIENT-963,NUG,BUG,client cache does not respect Cache-Control no-store on requests
HTTPCLIENT-1026,NUG,BUG,Properly close resources
HTTPCLIENT-584,NUG,TASK,Remove lib directory from SVN trunk
HTTPCLIENT-662,NUG,TASK,Disentangle commons-httpclient from commons in Gump
HTTPCLIENT-663,NUG,TASK,New Gump projects for HttpComponents 4.0
HTTPCLIENT-668,NUG,IMPROVEMENT,make sure no static loggers are used
HTTPCLIENT-672,NUG,TASK,re-sync client with changes in core alpha6 snapshot
HTTPCLIENT-745,NUG,IMPROVEMENT,no classes with default visibility
HTTPCLIENT-786,NUG,IMPROVEMENT,variables should be accessed through getters
HTTPCLIENT-824,NUG,TASK,Review the use of BaiscHttpParams and HttpProtocolProcessor in HttpClient
HTTPCLIENT-322,NUG,IMPROVEMENT,Deprecate and replace SimpleHttpConnection with the SimpleHttpServer based testing framework
HTTPCLIENT-391,NUG,IMPROVEMENT,Deprecate and replace TestWebapp with the SimpleHttpServer based testing framework
HTTPCLIENT-392,NUG,IMPROVEMENT,Provide additional test coverage for HTTP and HTTPS over proxy
HTTPCLIENT-450,NUG,BUG,TestExcetions never run
HTTPCLIENT-637,NUG,TEST,Unit tests for HttpConn
HTTPCLIENT-657,NUG,BUG,TestBasicCookieAttribHandlers fails on non-english Locale systems
HTTPCLIENT-827,NUG,IMPROVEMENT,ServerTestBase LocalTestServer should be redistributed
HTTPCLIENT-984,NUG,TEST,additional conditional compliance tests for the caching module for Content-Encoding Content-Location Date Expires Server Transfer-Encoding and Vary headers
HTTPCLIENT-110,NUG,BUG,Port 80 is needed to run tests
HTTPCLIENT-505,NUG,BUG,cipher
